# Learning Objectives of the EDB Mathematics C&A Guide (S4-6, 2017): Compulsory Part
# (CP), Module 1 (M1), Module 2 (M2), and of the Supplement on the learning content
# of junior secondary Mathematics (2017; KS3). Extracted from docs/CA_2017_e.pdf and
# docs/jsmc2017_e.pdf by scripts/extract_guide_objectives.py; formulas the PDFs draw
# as images are missing from text and remarks. obj = objective number (a Further
# Learning Unit has one unnumbered objective, given its unit number); nf = blank for
# a Foundation Topic, N = Non-foundation (underlined in the Guide), E = Enrichment
# (** in the KS3 Supplement); time = suggested hours for the unit; page = PDF page.
part,strand,unit_no,unit,obj,nf,time,text,remarks,page
CP,Number and Algebra Strand,1,Quadratic equations in one unknown,1.1,,19,solve quadratic equations by the factor method,,25
CP,Number and Algebra Strand,1,Quadratic equations in one unknown,1.2,,,form quadratic equations from given roots 2,The given roots are confined to real numbers.,25
CP,Number and Algebra Strand,1,Quadratic equations in one unknown,1.3,,,solve the equation ax + bx + c = 0 by plotting 2 the graph of the parabola y = ax + bx + c and reading the x-intercepts,,25
CP,Number and Algebra Strand,1,Quadratic equations in one unknown,1.4,,,solve quadratic equations by the quadratic formula,The following are not required for students taking only the Foundation Topics:  expressing nonreal roots in the form a ± bi  simplifying expressions involving surds such as,26
CP,Number and Algebra Strand,1,Quadratic equations in one unknown,1.5,,,understand the relations between the discriminant of a quadratic equation and the nature of its roots,"When  < 0, students have to point out that “the equation has no real roots ” or “the equation hastwo nonreal roots ” as they are expected to recognise the existence of complex numbers in Learning Objective 1.8.",26
CP,Number and Algebra Strand,1,Quadratic equations in one unknown,1.6,,,solve problems involving quadratic equations,Teachers should select the problems related to students’ experiences. Problems involving complicated equations such as are required only in the Non-foundation Topics and dealt with in Learning Objective 5.4.,26
CP,Number and Algebra Strand,1,Quadratic equations in one unknown,1.7,N,,understand the relations between the roots and coefficients and form quadratic equations using these relations,"The relations between the roots and coefficients include:  and , where  and  are the roots of the equation 2 ax + bx+ c= 0 and a  0.",27
CP,Number and Algebra Strand,1,Quadratic equations in one unknown,1.8,,,appreciate the development of the number systems including the system of complex numbers,The topics such as the hierarchy of the number systemsand the conversion between recurring decimals and fractionsmay be discussed.,27
CP,Number and Algebra Strand,1,Quadratic equations in one unknown,1.9,N,,"perform addition, subtraction, multiplication and divisionof complex numbers",Complex numbers are confined to the form a  bi . Note: The coefficients of quadratic equations are confined to real numbers.,27
CP,Number and Algebra Strand,2,Functions and graphs,2.1,,10,"recognise the intuitive concepts of functions, domains and co -domains, independent and dependent variables",Representations like,27
CP,Number and Algebra Strand,2,Functions and graphs,2.2,,,"recognise the notation of functions and use tabular, algebraic and graphical methods to represent functions",1  2 canalso be accepted. The features of the graphs of quadratic,28
CP,Number and Algebra Strand,2,Functions and graphs,2.3,,,understand the features of the graphs of quadratic functions,functions include:  the vertex  the axis of symmetry  the direction of opening  relationswith the axes Students are requiredto find the maximum and minimum values of quadratic functions by the graphical method. The method of completing the square is,28
CP,Number and Algebra Strand,2,Functions and graphs,2.4,N,,find the maximum and minimum values of quadratic functions by the algebraic method,required. Students are required to solve problems related to maximum and minimum values of quadratic functions.,28
CP,Number and Algebra Strand,3,Exponential and logarithmic functions,3.1,N,16,understand the definitions of rational indices,The definitions include and . The lawsof rational indices include:,29
CP,Number and Algebra Strand,3,Exponential and logarithmic functions,3.2,N,,understand the laws of rational indices,p q p + q  a a = a p  q  = a p q pq  (a ) = a p p p  a b = (ab)  The properties of logarithmsinclude:,29
CP,Number and Algebra Strand,3,Exponential and logarithmic functions,3.3,N,,understand the definition and properties of logarithms (including the change of base), log 1 = 0 a  log a = 1 a  log MN = log M + log N a a a  log = log M  log N a a a k  log M = klog M a a  log N= b,29
CP,Number and Algebra Strand,3,Exponential and logarithmic functions,3.4,N,,understand the properties of exponential functions and logarithmic functions and recognise the features of their graphs,The properties and features include:  the domains of the functions x  the function f (x) = a and f (x) = log x a increases (decreases) asx increases for a > 1 (0 < a < 1) x  y = a is symmetric to y = log x a about y= x  the intercepts with the axes  the rate of increasing/the rate of decreasing of the functions (by direct inspection),30
CP,Number and Algebra Strand,3,Exponential and logarithmic functions,3.5,N,,solve exponential equations and logarithmic equations,Equations which can be transformed into x x quadratic equations such as 4 3 2  4 = 0 or log(x  22) + log (x + 26) = 2 are dealt with in Learning Objective 5.3.,30
CP,Number and Algebra Strand,3,Exponential and logarithmic functions,3.6,N,,appreciate the applications of logarithms in real-life situations,The applications such as measuring earthquake intensity in the Richter Scale and sound intensity level in decibels may be discussed.,30
CP,Number and Algebra Strand,3,Exponential and logarithmic functions,3.7,N,,appreciate the development of the concepts of logarithms,The topics such as the historical development of the concepts of logarithms and its applications to the design of some past calculation tools such as slide rules and the logarithmic table may be discussed.,31
CP,Number and Algebra Strand,4,More about polynomials,4.1,,14,perform division of polynomials,Methods other than long division are also accepted.,31
CP,Number and Algebra Strand,4,More about polynomials,4.2,,,understand the remainder theorem,,31
CP,Number and Algebra Strand,4,More about polynomials,4.3,,,understand the factor theorem,Students are required to use factor theorem to 3 3 factorise polynomials such as x  a .,31
CP,Number and Algebra Strand,4,More about polynomials,4.4,N,,understand the concepts of the greatest common divisor and the least common multiple of polynomials,"The terms “H.C.F.” , “gcd”, etc. can be used.",31
CP,Number and Algebra Strand,4,More about polynomials,4.5,N,,"perform addition, subtraction, multiplication and division of rational functions",Computation of rational functions with more than two variables is not required. Rational functionsrefer to algebraic fractions at Key Stage 3.,31
CP,Number and Algebra Strand,5,More about equations,5.1,N,10,"use the graphical method to solve simultaneous equations in two unknowns, one linear and one quadratic in the form y= ax+ bx+ c",,31
CP,Number and Algebra Strand,5,More about equations,5.2,N,,"use the algebraic method to solve simultaneous equations in two unknowns, one linear and one quadratic",,32
CP,Number and Algebra Strand,5,More about equations,5.3,N,,"solve equations (including fractional equations, exponential equations, logarithmic equations and trigonometric equations) which can be transformed into quadratic equations",Solutions for trigonometric equations are confined to the interval from 0to 360.,32
CP,Number and Algebra Strand,5,More about equations,5.4,N,,solve problems involving equations which can be transformed into quadratic equations,Teachers should select the problems related to students’ experience.,32
CP,Number and Algebra Strand,6,Variations,6.1,,7,"understand direct variationsand inverse variations, and their applications to solving real-life problems",,32
CP,Number and Algebra Strand,6,Variations,6.2,,,understand the graphs of direct and inverse variations,,32
CP,Number and Algebra Strand,6,Variations,6.3,,,"understand joint and partial variations, and their applications to solving real-life problems",,32
CP,Number and Algebra Strand,7,Arithmetic and geometric sequences and their summations,7.1,N,17,understand the concept and the properties of arithmetic sequences,"The properties of arithmetic sequences include:  T = ½ ( T + T ) n n–1 n+1  if T , T , T , … is an arithmetic 1 2 3 sequence, thenkT + a , kT + a, kT + a , … is also an arithmetic sequence",32
CP,Number and Algebra Strand,7,Arithmetic and geometric sequences and their summations,7.2,N,,understand the general term of an arithmetic sequence,,33
CP,Number and Algebra Strand,7,Arithmetic and geometric sequences and their summations,7.3,N,,understand the concept and the properties of geometric sequences,"The properties of geometric sequences include: 2  T = T   T n n 1 n+1  if T , T , T , … is a geometric 1 2 3 sequence, then k T , k T , k T , … is 1 2 3 also a geometric sequence",33
CP,Number and Algebra Strand,7,Arithmetic and geometric sequences and their summations,7.4,N,,understand the general term of a geometric sequence,,33
CP,Number and Algebra Strand,7,Arithmetic and geometric sequences and their summations,7.5,N,,understand the general formulae of the sum to a finite number ofterms of an arithmetic sequence and a geometric sequence and use the formulae to solve related problems,Example: geometrical problems involving the sum of arithmetic or geometric sequences.,33
CP,Number and Algebra Strand,7,Arithmetic and geometric sequences and their summations,7.6,N,,explore the general formulae of the sum to infinity for certain geometric sequences and use the formulae to solve related problems,Example: geometrical problems involving infinite sum of the geometric sequences.,33
CP,Number and Algebra Strand,7,Arithmetic and geometric sequences and their summations,7.7,N,,solve related real-life problems,"Examples: problems about interest, growth or depreciation.",33
CP,Number and Algebra Strand,8,Inequalities and linear programming,8.1,,16,solve compound linear inequalities in one unknown,Compound inequalities involving logical connectives “and” or “or” are required. Solving the problems on triangle inequalities is required.,34
CP,Number and Algebra Strand,8,Inequalities and linear programming,8.2,,,solve quadratic inequalities in one unknown by the graphical method,,34
CP,Number and Algebra Strand,8,Inequalities and linear programming,8.3,N,,solve quadratic inequalities in one unknown by the algebraic method,,34
CP,Number and Algebra Strand,8,Inequalities and linear programming,8.4,N,,represent the graphs of linear inequalities in two unknowns in the rectangular coordinate plane,,34
CP,Number and Algebra Strand,8,Inequalities and linear programming,8.5,N,,solve systems of linear inequalities in two unknowns,,34
CP,Number and Algebra Strand,8,Inequalities and linear programming,8.6,N,,solve linear programming problems,,34
CP,Number and Algebra Strand,9,More about graphs of functions,9.1,N,,"sketch and compare graphs of various types of functions including constant, linear, quadratic, trigonometric, exponential and logarithmic functions","Comparison includes domains, existence of maximum or minimum values, symmetry and periodicity.",34
CP,Number and Algebra Strand,9,More about graphs of functions,9.2,,,solve the equation f (x) = k using the graph of y = f (x),,34
CP,Number and Algebra Strand,9,More about graphs of functions,9.3,,,"solve the inequalities f (x) > k, f (x) < k, f (x)  kand f (x)  k using the graph of y = f (x)",,35
CP,Number and Algebra Strand,9,More about graphs of functions,9.4,N,,"understand the transformations of the function f(x) including f (x) + k, f (x + k), kf (x) and f (kx) from tabular, symbolic and graphical perspectives",,35
CP,"Measures, Shape and Space Strand",10,Equations of straight lines,10.1,,7,understand the equation of a straight line,Students are required to find the equation of a straight line from given conditions such as:  the coordinates of any two points on the straight line  the slope of the straight line and the coordinates of a point on it  the slope and the y-intercept of the straight line Students are required to describe the features of a straight line from its equation. The featuresinclude:  the slope  the intercepts with the axes  whether it passes through a given point The normal form is not required. Students are required to recognise the relation between slope and inclination.,35
CP,"Measures, Shape and Space Strand",10,Equations of straight lines,10.2,,,understand the possible intersection of two straight lines,"Students are required to determine the number of intersection points of two straight lines from their equations. At Key Stage 3, students are required to solve simultaneous linear equations in two unknowns. Note: Teachers are suggested to arrange the teaching of this Learning Unit in the first term of S4.",36
CP,"Measures, Shape and Space Strand",11,Basic properties of circles,11.1,,23,understand the properties of chords and arcs of a circle,The properties of chords and arcs of a circle include:  the chords of equal arcs are equal  equal chords cut off equal arcs  theperpendicular from the centre to a chord bisects the chord  the straight line joining the centre and the mid-point of a chord which is not a diameter is perpendicular to the chord  the perpendicular bisector of a chord passes through the centre  equal chords are equidistant from the centre  chords equidistant from the centre are equal Students are required to understand that there is one and only one circle passing through given three non-collinear points. The property that the arcs are proportional to their corresponding angles at the centre should be discussed at Key Stage 3 when the formula for calculating arc lengths is being explicated.,36
CP,"Measures, Shape and Space Strand",11,Basic properties of circles,11.2,,,understand the angle properties of a circle,"The angle properties of a circle include:  the angle subtended by an arc of a circle at the centre is double the angle subtended by the arc at any point on the remaining part of the circumference  angles in the same segment are equal  the arcs are proportional to their corresponding angles at the circumference  the angle in a semi-circle is a right angle  if the angle at the circumference is a right angle, then the chord that subtends the angle is a diameter",37
CP,"Measures, Shape and Space Strand",11,Basic properties of circles,11.3,,,understand the properties of a cyclic quadrilateral,The properties of a cyclic quadrilateral include:  the opposite angles of a cyclic quadrilateral are supplementary  an exterior angle of a cyclic quadrilateral equals its interior opposite angle,38
CP,"Measures, Shape and Space Strand",11,Basic properties of circles,11.4,N,,understand the tests for concyclic points and cyclic quadrilaterals,"The tests for concyclic points and cyclic quadrilaterals include:  if Aand D are two points on the same side of the lineBCand BAC=  BDC, then A, B, Cand D are concyclic  if a pair of opposite angles of a quadrilateral are supplementary, then the quadrilateral is cyclic  if the exterior angle of a quadrilateral equals its interior opposite angle, thenthe quadrilateral is cyclic",38
CP,"Measures, Shape and Space Strand",11,Basic properties of circles,11.5,N,,understand the properties of tangents to a circle and angles in the alternate segments,"The properties include:  atangent to a circle is perpendicular to the radius through the point of contact  the straight line perpendicular to a radius of a circle at its external extremity is a tangent to the circle  the perpendicular to a tangent at its point of contact passes through the centre of the circle  if two tangents are drawn to a circle from an external point, then: - the distances from the external point to the points of contact are equal - the tangents subtend equal angles at the centre - the straight line joining the centre to the external point bisects the angle between the tangents  if a straight line istangent to a circle, then the tangent-chord angle is equal to the angle in the alternate segment  if a straight line passes through anend point of a chord of a circle so that the angle it makes with the chord is equal to the angle in the alternate segment, then the straight line touches the circle",39
CP,"Measures, Shape and Space Strand",11,Basic properties of circles,11.6,N,,use the basic properties of circles to perform simple geometric proofs,Knowledge on geometry learnt atKey Stage 3 can be involved in the geometric proofs.,40
CP,"Measures, Shape and Space Strand",12,Loci,12.1,,6,understand the concept of loci,,40
CP,"Measures, Shape and Space Strand",12,Loci,12.2,,,describe and sketch the locus of points satisfying given conditions,The conditions include:  maintaining a fixed distance from a fixed point  maintaining an equal distance from two given points  maintaining a fixed distance from a line  maintaining an equal distance from two parallel lines  maintaining an equal distance from two intersecting lines,40
CP,"Measures, Shape and Space Strand",12,Loci,12.3,,,describe the locus of points with algebraic equations,"Students are required to find the equations of simple loci, which include equations of straight lines, circles and parabolas (in the 2 form of y= ax + bx+ c).",41
CP,"Measures, Shape and Space Strand",13,Equations of circles,13.1,,7,understand the equation of a circle,"Students are required to find the equation of a circle from given conditions such as:  the coordinates of the centre and the radius of the circle  the coordinates of any three points on the circle Students are required to describe the features of a circle from its equation. The features include:  the centre  the radius  whether a given point lies inside, outside or on the circle",41
CP,"Measures, Shape and Space Strand",13,Equations of circles,13.2,N,,find the coordinates of the intersections of a straight line and a circle and understand the possible intersection of a straight line and a circle,Students are required to find the equations of tangents to a circle.,41
CP,"Measures, Shape and Space Strand",14,More about trigonometry,14.1,,25,"understand the functions sine, cosine and tangent, and their graphs and properties, including maximum and minimum values and periodicity","Simplification of expressions involving sine, cosine and tangent of  , 90   , 180 , … , etc. is required. Equations that can be transformed into",42
CP,"Measures, Shape and Space Strand",14,More about trigonometry,14.2,N,,"solve the trigonometric equations a sin  = b , a cos  = b , a tan  = b (solutions in the interval from 0  to 360 ) and other trigonometric equations (solutions in the interval from 0to 360)",quadratic equations are required only in the Non-foundation Topics and dealt with in Learning Objective 5.3.,42
CP,"Measures, Shape and Space Strand",14,More about trigonometry,14.3,N,,understand the formula ½ absin Cfor areas of triangles,,42
CP,"Measures, Shape and Space Strand",14,More about trigonometry,14.4,N,,understand the sine and cosine formulae,,42
CP,"Measures, Shape and Space Strand",14,More about trigonometry,14.5,N,,understand Heron’s formula,,42
CP,"Measures, Shape and Space Strand",14,More about trigonometry,14.6,N,,understand the concept of projection,,42
CP,"Measures, Shape and Space Strand",14,More about trigonometry,14.7,N,,"understand the angle between a line and a plane, and the angle between 2 planes",The concept of inclination is required.,42
CP,"Measures, Shape and Space Strand",14,More about trigonometry,14.8,N,,understand the theorem of three perpendiculars,,42
CP,"Measures, Shape and Space Strand",14,More about trigonometry,14.9,N,,solve related 2-dimensional and 3-dimensional problems,"3-dimensional problems include finding the angle between two lines, the angle between a line and a plane, the angle between two planes, the distance between points, the distance between a point and a line, and the distance between a point and a plane.",43
CP,Data Handling Strand,15,Permutations and combinations,15.1,N,,understand the addition rule and multiplication rule in the counting principle,n,43
CP,Data Handling Strand,15,Permutations and combinations,15.2,N,,understand the concept and notation of permutation,"Notations such as “ ” , “ P” , “ P” , etc. n r r can be used.",43
CP,Data Handling Strand,15,Permutations and combinations,15.3,N,,solve problems on the permutation of distinct objects without repetition,Problems such as “permutation of objects in which three particular objects are put next to each other” are required. Circular permutation is not required. n,43
CP,Data Handling Strand,15,Permutations and combinations,15.4,N,,understandthe concept and notation of combination,"Notations such as “ ” , “C” , “ C” , n r r “ ” , etc. can be used.",43
CP,Data Handling Strand,15,Permutations and combinations,15.5,N,,solve problems on the combination of distinct objects without repetition,,44
CP,Data Handling Strand,16,More about probability,16.1,N,10,"recognise the notation of set language including union, intersection and complement",The concept of Venn Diagram is required.,44
CP,Data Handling Strand,16,More about probability,16.2,N,,understand the addition law of probability and the conceptsof mutually exclusive events and complementary events,The addition law of probability refers to “P(A B) = P(A) + P(B)  P(A B) ”.,44
CP,Data Handling Strand,16,More about probability,16.3,N,,understand the multiplication law of probability and the concept of independent events,"The multiplication law of probability refers to “P(A  B) = P(A)  P(B) , where A and B are independent events”.",44
CP,Data Handling Strand,16,More about probability,16.4,N,,recognise the concept and notation of conditional probability,The rule “P(A  B) = P(A)  P(B | A)” is required. Bayes’ Theorem is not required.,44
CP,Data Handling Strand,16,More about probability,16.5,N,,use permutation and combination to solve problems related to probability,,44
CP,Data Handling Strand,17,Measures of dispersion,17.1,,13,understand the concept of dispersion,,44
CP,Data Handling Strand,17,Measures of dispersion,17.2,,,understand the concepts of range and inter-quartile range,,44
CP,Data Handling Strand,17,Measures of dispersion,17.3,,,construct and interpret the box -and-whisker diagram and use it to compare the distributions of different sets ofdata,A box-and-whisker diagram can also be called a “boxplot”.,45
CP,Data Handling Strand,17,Measures of dispersion,17.4,,,understand the concept of standard deviation for both grouped and ungrouped data sets,Students are required to recognise the term “variance” and that variance equals to the square of standard deviation. Students are required to understand the following formula for standard deviation:  = .,45
CP,Data Handling Strand,17,Measures of dispersion,17.5,,,compare the dispersions of different sets of data using appropriate measures,,45
CP,Data Handling Strand,17,Measures of dispersion,17.6,N,,understand the applications of standard deviation to real-life problems involving standard scores and the normal distribution,,45
CP,Data Handling Strand,17,Measures of dispersion,17.7,N,,understand the effect of the following operations on the dispersion of the data: (i) adding a common constant to each item of the set of data (ii)multiplying each item of theset of data by a common constant,,45
CP,Data Handling Strand,18,Uses and abuses of statistics,18.1,,4,recognise different techniques in survey sampling and the basic principles of questionnaire design,"Students are required to recognise t he concepts of “populations” and “samples”. Studentsare required to recognise probability sampling and non-probability sampling. Students are required to recognise that, in constructing questionnaires, factors such as the types, wording and ordering of questions and response options influence their validity and reliability.",46
CP,Data Handling Strand,18,Uses and abuses of statistics,18.2,,,discuss and recognise the uses and abuses of statistical methods in various daily-life activities or investigations,,46
CP,Data Handling Strand,18,Uses and abuses of statistics,18.3,,,"assess statistical investigations presented in different sources such as news media, research reports, etc.",,46
CP,Further Learning Unit,19,Further applications,19,,14,"Solve more sophisticated real-life and mathematical problems that may require students to search the information for clues, to explore different strategies, or to integrate various parts of mathematics which they have learned in different areas The main focuses are: (a) to explore and solve more sophisticated real-life problems (b) to appreciate the connections between different areas of mathematics",Examples:  solve simple financial problems in areas such as taxation and instalment payment  analyse and interpret data collected in surveys  explore and interpret graphs relatedto real- life situations  explore Ptolemy’s Theorem and its applications  model the relation between two sets of data which show a strong linear correlation and explore how to reduce simple non-linear relations such as y = m + c and x y= ka to linear relations  explore the relation between the Fibonacci sequence and the Golden Ratio  appreciate the applications of cryptography  explore the Ceva’s Theorem and it s applications  analyse mathematical games (e.g. explore the general solution of the water puzzle),46
CP,Further Learning Unit,20,Inquiry and investigation,20,,10,"Through various learning activities, discover and construct knowledge, further improve the ability to inquire, communicate, reason and conceptualise mathematical concepts",This is not an independent and isolated learning unit. The time is allocated for students to engage in learning activities from different learning units.,47
M1,Foundation Knowledge,1,Binomial expansion,1.1,,,"recognise the expansion of , where n is a positive integer","summation notation ( not required:  expansion of trinomials  the greatest coefficient, the greatest term and the properties of binomial coefficients applications to numerical approximation",53
M1,Foundation Knowledge,2,Exponential and logarithmic functions,2.1,,8,recognise the definition of e and the exponential series,,54
M1,Foundation Knowledge,2,Exponential and logarithmic functions,2.2,,,understand exponential functions and logarithmic functions,The following functions are required:  ,54
M1,Foundation Knowledge,2,Exponential and logarithmic functions,2.3,,,use exponential functions and logarithmic functions to solve problems,"Students are required to solve problems including those related to compound interest, population growth and radioactive decay. When experimental values of x and y are",54
M1,Foundation Knowledge,2,Exponential and logarithmic functions,2.4,,,"transform and to linear relations, where a , n and k are real numbers, , , and","given, students are required to plot the graph of the corresponding linear relation from which they can determine the values of the unknown constants by considering its slope and intercepts.",54
M1,Calculus,3,Derivative of a function,3.1,,5,recognise the intuitive concept of the limit of a function,"Student are required to recognise the theorems on the limits of sum, difference, product, quotient, scalar multiplication of functions and the limits of composite functions (the proofs are not required).",55
M1,Calculus,3,Derivative of a function,3.2,,,"find the limits of algebraic functions, exponential functions and logarithmic functions","The following algebraic functions are required: polynomial functions rational functions power functions functions derived from the above ones through addition, subtraction, multiplication, division and composition, such as",55
M1,Calculus,3,Derivative of a function,3.3,,,recognise the concept of the derivative of a function from first principles,"Students are not required to find the derivatives of functions from first principles. Students are required to recognise the notations: , and .",55
M1,Calculus,3,Derivative of a function,3.4,,,recognise the slope of the tangent of the curve at a point,Students are required to recognise the notations: and .,56
M1,Calculus,4,Differentiation of a function,4.1,,8,"understand the addition rule, product rule, quotient rule and chain rule of differentiation",The rules include:    ,56
M1,Calculus,4,Differentiation of a function,4.2,,,"find the derivatives of algebraic functions, exponential functions and logarithmic functions",The formulae that students are required to use include:       Implicit differentiation and logarithmic differentiation arenot required.,57
M1,Calculus,5,Second derivative,5.1,,2,recognise the concept of the second derivative of a function,"Students are required to recognise the notations: , and . Third and higher order derivatives are not required.",57
M1,Calculus,5,Second derivative,5.2,,,find the second derivative of an explicit function,Students are required to recognise the second derivative testand concavity.,58
M1,Calculus,6,Applications of differentiation,6.1,,10,"use differentiation to solve problems involving tangent, rate of change, maximum and minimum",Local and global extrema are required.,58
M1,Calculus,7,Indefinite integration and its applications,7.1,,10,recognise the concept of indefinite integration,Indefinite integration as the reverse process of differentiation should be introduced. Students are required to recognise the,58
M1,Calculus,7,Indefinite integration and its applications,7.2,,,understand the basic properties of indefinite integrals and basic integration formulae,notation: . The properties include: The formulae include: Students are required to understand the meaning of the constant of integration C.,58
M1,Calculus,7,Indefinite integration and its applications,7.3,,,use basic integration formulae to find the indefinite integrals of algebraic functions and exponential functions,,59
M1,Calculus,7,Indefinite integration and its applications,7.4,,,use integration by substitution to find indefinite integrals,Integration by parts is not required.,59
M1,Calculus,7,Indefinite integration and its applications,7.5,,,use indefinite integration to solve problems,,59
M1,Calculus,8,Definite integration and its applications,8.1,,12,recognise the concept of definite integration,"The definition of the definite integral as the limit of a sum of the areas of rectangles under a curve should be introduced. Students are required to recognise the notation: . The concept of dummy variables is required, for example: .",59
M1,Calculus,8,Definite integration and its applications,8.2,,,recognise the Fundamental Theorem of Calculus and understand the properties of definite integrals,"The Fundamental Theorem of Calculus that students are required to recognise is: , where . The properties include:     ",60
M1,Calculus,8,Definite integration and its applications,8.3,,,find the definite integrals of algebraic functions and exponential functions,,60
M1,Calculus,8,Definite integration and its applications,8.4,,,use integration by substitution to find definite integrals,,60
M1,Calculus,8,Definite integration and its applications,8.5,,,use definite integration to find the areas of plane figures,Students are not required to use definite integration to find the area between a curve and the y-axis and the area between two curves.,61
M1,Calculus,8,Definite integration and its applications,8.6,,,use definite integration to solve problems,,61
M1,Calculus,9,Approximation of definite integrals using the trapezoidal rule,9.1,,4,understand the trapezoidal rule and use it to estimate the values of definite integrals,Error estimation is not required. Students are required to determine whether an estimate is an over-estimate or under-estimate by using the second derivative and concavity.,61
M1,Statistics,10,Conditional probability and Bayes’ theorem,10.1,,6,understand the concept of conditional probability,,61
M1,Statistics,10,Conditional probability and Bayes’ theorem,10.2,,,use Bayes’ theorem to solve simpleproblems,,61
M1,Statistics,11,Discrete random variables,11.1,,1,recognise the concept of discrete random variables,,61
M1,Statistics,12,"Probability distribution, expectation and variance",12.1,,7,"recognise the conceptof discrete probability distribution and represent the distribution in the form of tables, graphs and mathematical formulae",The formulae that students are required to use,62
M1,Statistics,12,"Probability distribution, expectation and variance",12.2,,,recognise the concepts of expectation and variance and use them to solve simple problems,include: Notation can also be used.,62
M1,Statistics,13,The binomial distribution,13.1,,5,recognise the concept and properties of the binomial distribution,The Bernoulli distribution should be introduced. The mean and variance of the binomial distribution are required (the proofs are not required).,63
M1,Statistics,13,The binomial distribution,13.2,,,calculate probabilities involving the binomial distribution,Use of the binomial distribution table is not required.,63
M1,Statistics,14,The Poisson distribution,14.1,,5,recognise the concept and properties of the Poisson distribution,The mean and variance of Poisson distribution are required (the proofs are not required).,63
M1,Statistics,14,The Poisson distribution,14.2,,,calculate probabilities involving the Poisson distribution,Use of the Poisson distribution table is not required.,63
M1,Statistics,15,Applications of the binomial and the Poisson distributions,15.1,,5,use the binomial and the Poisson distributions to solve problems,,63
M1,Statistics,16,Basic definition and properties of the normal distribution,16.1,,3,"recognise the concepts of continuous random variables andcontinuous probability distributions, with reference to the normal distribution",Derivations of the mean and variance of the normal distribution are not required. Students are required to recognise that the formulae in Learning Objective 12.2 are also applicable to continuous random variables.,63
M1,Statistics,16,Basic definition and properties of the normal distribution,16.2,,,recognise the concept and properties of the normal distribution,"The properties include: the curve is bell-shaped and symmetrical about the mean the mean, mode and median are all equal the flatness can be determined by the value of the area under the curve is 1",64
M1,Statistics,17,Standardisation of a normal variable and use of the standard normal table,17.1,,2,standardise a normal variable and use the standard normal table to find probabilities involving the normal distribution,,64
M1,Statistics,18,Applications of the normal distribution,18.1,,,"find the values of , , and related probabilities, given the values of x , x , and , where 1 2",,64
M1,Statistics,18,Applications of the normal distribution,18.2,,,"find the values of x, given the values of , , , or a related probability, where",,64
M1,Statistics,18,Applications of the normal distribution,18.3,,,use the normal distribution to solve problems,,64
M1,Statistics,19,Sampling distribution and point estimates,19.1,,9,recognise the concepts of sample statistics and population parameters,"Students are required to recognise: If the population mean is  and the population size is N, then the population variance is .",65
M1,Statistics,19,Sampling distribution and point estimates,19.2,,,recognise the sampling distribution of the sample mean from a random sample of size n,"Students are required to recognise: If the population mean is  and the population variance is , then and . If , then (the proof is not required).",65
M1,Statistics,19,Sampling distribution and point estimates,19.3,,,use the Central Limit Theorem to treat as being normally distributed when the sample size n is sufficiently large,,65
M1,Statistics,19,Sampling distribution and point estimates,19.4,,,recognise the concept of point estimates including the sample mean and sample variance,"Students are required to recognise: If the sample mean is and the sample size is n, then the sample variance is . Students are required to recognise the concept of unbiased estimator.",66
M1,Statistics,20,Confidence interval for a population mean,20.1,,6,recognise the concept of confidence interval,,66
M1,Statistics,20,Confidence interval for a population mean,20.2,,56,find the confidence interval for a population mean,"Students are required to recognise: A confidence interval for the mean  of a normal population with known variance , based on a random sample of size n, is given by . When the sample size n is sufficiently large, a confidence interval for the mean  of a population with unknown variance is given by , where s is the sample standard deviation.",66
M1,Further Learning Unit,21,Inquiry and investigation,21,,7,"Through various learning activities, discover and construct knowledge, further improve the ability to inquire, communicate, reason and conceptualise mathematical concepts",This is not an independent and isolated learning unit. The time is allocated for students to engage in learning activities from different learning units.,67
M2,Foundation Knowledge,1,Odd and even functions,1.1,,2,recognise odd and even functions and their graphs,Students are required to recognise that the absolute value function is an example of even functions.,68
M2,Foundation Knowledge,2,Mathematical induction,2.1,,3,understandthe principle of mathematical induction,The First Principle of Mathematical Induction is required. Students are required to prove propositions related to the summation of a finite sequence. Proving propositions involving inequalities is not required.,68
M2,Foundation Knowledge,3,The binomial theorem,3.1,,3,expand binomials with positive integral indices using the binomial theorem,"Proving the binomial theorem is required. Students are required to recognise the summation notation (  ). The following contentsare not required:  expansion of trinomials  the greatest coefficient, the greatest term and the properties of binomial coefficients  applications to numerical approximation",69
M2,Foundation Knowledge,4,More about trigonometric functions,4.1,,15,understandthe concept of radian measure,,69
M2,Foundation Knowledge,4,More about trigonometric functions,4.2,,,"understand the functions cosecant, secant and cotangent",The formulae that students are required to use include: and Simplifying trigonometric expressions by identities is required.,69
M2,Foundation Knowledge,4,More about trigonometric functions,4.3,,,"understand compound angle formulae and double angle formulae for the functions sine, cosine and tangent, and product-to-sum and sum-to-product formulae for the functions sine and cosine",The formulae include:     sin 2A= 2 sin Acos A 2 2  cos 2A= cosA sin A 2 2 = 1  2 sinA= 2 cosA 1  tan 2A= 2  sin A= (1  cos 2A) 2  cosA= (1 + cos 2A)        “Subsidiary angle form” is not required. 2 sin A= (1  cos 2A) and 2 cosA= (1 + cos 2A) can be considered as formulae derived from the double angle formulae. Two approaches for the introduction to e can,69
M2,Foundation Knowledge,5,Introduction to e,5.1,,2,recognise the definitions and notations of eand the natural logarithm,be considered:  (proving the existence of this limit is not required)  These definitions may be introduced in Learning Objective 6.1.,71
M2,Calculus,6,Limits,6.1,,3,understandthe intuitive concept of the limit of a function,"Student are required to recognise the theorems on the limits of sum, difference, product, quotient, scalar multiplication of functions and the limits of composite functions (the proofs are not required).",72
M2,Calculus,6,Limits,6.2,,,find the limit of a function,The formulae that students are required to use include:   Finding the limit of a rational function at infinity is required.,72
M2,Calculus,7,Differentiation,7.1,,13,understand the concept of the derivative of a function,"Students are required to find the derivatives of elementary functions from first principles, for example: C , (n is a positive integer), , , , andln x. Students are required to recognise the notations: , and . Testing differentiability of functions is not required.",73
M2,Calculus,7,Differentiation,7.2,,,"understand the addition rule, product rule, quotient rule and chain rule of differentiation",The rules include:,73
M2,Calculus,7,Differentiation,7.3,,,"find the derivatives of functions involving algebraic functions, trigonometric functions, exponential functions and logarithmic functions","The formulae that students are required to use include: The following algebraic functions are required: polynomial functions rational functions  power functions x functions formed from the above functions through addition, subtraction, multiplication, division and composition, such as",74
M2,Calculus,7,Differentiation,7.4,,,find derivatives by implicit differentiation,Logarithmic differentiation is required.,75
M2,Calculus,7,Differentiation,7.5,,,find the secondderivative of an explicit function,"Students are required to recognise the notations: , and . Students are required to recognise the second derivative test and concavity. Third and higher order derivatives are not required.",75
M2,Calculus,8,Applications of differentiation,8.1,,14,find the equations of tangents to a curve,,75
M2,Calculus,8,Applications of differentiation,8.2,,,find the maximum and minimum values of a function,Local and global extrema are required.,75
M2,Calculus,8,Applications of differentiation,8.3,,,sketch curves of polynomial functions and rational functions,"The following points should be considered in curve sketching:  symmetry of the curve  limitations on the values of xand y  intercepts with the axes  maximum and minimum points  points of inflexion  vertical, horizontal andobliqueasymptotes to the curve Students are required to deduce the equation of the oblique asymptote to the curve of a rational function by division.",75
M2,Calculus,8,Applications of differentiation,8.4,,,"solve the problems relating to rate of change, maximum and minimum",,76
M2,Calculus,9,Indefinite integration and its applications,9.1,,15,recognise the concept of indefinite integration,Indefinite integration as the reverse process of differentiation should be introduced.,76
M2,Calculus,9,Indefinite integration and its applications,9.2,,,"understand the properties of indefinite integrals and use the integration formulae of algebraic functions, trigonometric functions and exponential functions to find indefinite integrals",The formulae include:       ,76
M2,Calculus,9,Indefinite integration and its applications,9.3,,,understand the applications of indefinite integrals in mathematical contexts,Applications of indefinite integrals in some fields such as geometry is required.,77
M2,Calculus,9,Indefinite integration and its applications,9.4,,,use integration by substitution to find indefinite integrals,,77
M2,Calculus,9,Indefinite integration and its applications,9.5,,,"use trigonometric substitutions to find the indefinite integrals involving , or","Students are required to recognise the 1 1 1 notations: sin x , cos x and tan x , and the concept of their related principal values.",77
M2,Calculus,9,Indefinite integration and its applications,9.6,,,useintegration by parts to find indefinite integrals,Teachers can use as an example to illustrate the method of integration by parts. The use of integration by parts is limited to at most two times in finding an integral.,77
M2,Calculus,10,Definite integration,10.1,,10,recognise the concept of definite integration,"The definite integral as the limit of a sum and finding a definite integral from the definition should be introduced. The concept of dummy variables is required, for example, . Using definite integration to find the sum to infinity of a sequence is not required.",78
M2,Calculus,10,Definite integration,10.2,,,understand the properties of definite integrals,The properties include:       if is an odd function  if is an even function,78
M2,Calculus,10,Definite integration,10.3,,,"find definite integrals of algebraic functions, trigonometric functions and exponential functions","The Fundamental Theorem of Calculus that students are required to recognise is: , where .",79
M2,Calculus,10,Definite integration,10.4,,,use integration by substitution to find definite integrals,,79
M2,Calculus,10,Definite integration,10.5,,,use integration by parts to find definite integrals,The use of integration by parts is limited to at most two times in finding an integral.,79
M2,Calculus,11,Applications of definite integration,11.1,,4,understand the application of definite integrals in finding the area of a plane figure,,79
M2,Calculus,11,Applications of definite integration,11.2,,59,understand the application of definite integrals in finding the volume of a solid of revolution about a coordinate axis or a line parallel to a coordinate axis,“Disc method” is required.,80
M2,Algebra,12,Determinants,12.1,,2,recognise the concept of determinants of order 2 and order 3,Students are required to recognise the notations: |A| and det A.,80
M2,Algebra,13,Matrices,13.1,,10,"understand the concept, operations and properties of matrices","The addition, scalar multiplication and multiplication of matrices are required. The properties include:         ",80
M2,Algebra,13,Matrices,13.2,,,"understand the concept, operations and properties of inverses of square matrices of order 2 and order 3",The properties include:  the inverse ofAis unique       where A and B are invertible matrices and  is a non-zero scalar.,81
M2,Algebra,14,Systems of linear equations,14.1,,6,"solve the systems of linear equations in two and three variables by Cramer’s rule, inverse matrices and Gaussian elimination",The following theorem is required: A system of homogeneous linear equations has nontrivial solutions if and only if the coefficient matrix is singular,82
M2,Algebra,15,Introduction to vectors,15.1,,5,understand the concepts of vectors and scalars,"The concepts of magnitudes of vectors, zero vector and unit vectors are required. Students are required to recognise some common notations of vectors in printed form (including a and ) and in written form (including , and ) ; and some notations for magnitude (including and ).",82
M2,Algebra,15,Introduction to vectors,15.2,,,understand the operations and properties of vectors,"The addition, subtraction and scalar multiplication of vectors are required. The properties include:         If (a and b are non-zero and are not parallel to each other), then and The formulae that students are required to use",82
M2,Algebra,15,Introduction to vectors,15.3,,,understand the representation of a vector in the rectangular coordinate system,include: 3  in R  and 2 in R The representation of vectors in the rectangular coordinate system can be used to discuss those properties listed in the Remarks against Learning Objective 15.2. The concept of direction cosines is not required.,83
M2,Algebra,16,Scalar product and vector product,16.1,,5,understand the definition and properties of the scalar product (dot product) of vectors,The properties include:      if and only if  ,84
M2,Algebra,16,Scalar product and vector product,16.2,,,understand the definition and properties of the 3 vector product (cross product) of vectors in R,The properties include:      ,84
M2,Algebra,17,Applications of vectors,17.1,,6,understand the applications of vectors,"Division of a line segment, parallelism and orthogonality are required. Finding angles between two vectors, the projection of a vector onto another vector and the area of a triangle are required.",85
M2,Further Learning Unit,18,Inquiry and investigation,18,,7,"Through various learning activities, discover and construct knowledge, further improve the ability to inquire, communicate, reason and conceptualise mathematical concepts",This is not an independent and isolated learning unit. The time is allocated for students to engage in learning activities from different learning units.,85
KS3,Number and Algebra Strand,1,Basic computation,1.1,,8,"recognisethe tests of divisibility of 4, 6, 8 and 9","At Key Stage 2, students are required to recognise the tests of divisibilityof 2, 3, 5 and 10.",6
KS3,Number and Algebra Strand,1,Basic computation,1.2,,,understand the concept of power,Computations involving powers are not required.,7
KS3,Number and Algebra Strand,1,Basic computation,1.3,,,perform prime factorisation of positive integers,,7
KS3,Number and Algebra Strand,1,Basic computation,1.4,,,find the greatest common divisor and the least common multiple,"Students are required to use prime factorisation and short division to find the greatest common divisor and the least common multiple. At Key Stage 2, students are required to find the greatest common divisor and the least common multiple of two numbersby listing their multiples and factors, and using short division. The terms “H.C.F.”, “gcd”, etc. can be used.",7
KS3,Number and Algebra Strand,1,Basic computation,1.5,,,perform mixed arithmetic operations of positive integers involving multiple levels of brackets,,7
KS3,Number and Algebra Strand,1,Basic computation,1.6,,,perform mixed arithmetic operations of fractions and decimals,"At Key Stage 2, students are required to perform mixed arithmetic operations of three numbers (including fractions and integers). In the mixed operations of addition and subtraction involving three fractions with different denominators, all denominators should not exceed 12. The above restrictions are no longer applicable at Key Stage 3, but complicated operations should be avoided. Note: Teachers are suggested to arrange this learning unit as the first one to be taught at this key stage.",8
KS3,Number and Algebra Strand,2,Directed numbers,2.1,,9,understand the concept of directed numbers,Students are required to represent the directed numbers on thenumber line. Students are required to compare the magnitude of directed numbers.,8
KS3,Number and Algebra Strand,2,Directed numbers,2.2,,,perform mixed arithmetic operations of directed numbers,,9
KS3,Number and Algebra Strand,2,Directed numbers,2.3,,,solve problems involving directed numbers,,9
KS3,Number and Algebra Strand,3,Approximate values and numerical estimation,3.1,,6,recognise the concept of approximate values,"Students are required to round offa number to a certain number of significant figures, a certain place and a certain number of decimal places. At Key Stage 2, students are required to round off a whole number to a certain place and round off a decimal to the nearest tenths or hundredths.",9
KS3,Number and Algebra Strand,3,Approximate values and numerical estimation,3.2,,,understand the estimation strategies,"The estimation strategies include rounding off, rounding up and rounding down.",9
KS3,Number and Algebra Strand,3,Approximate values and numerical estimation,3.3,,,solve related real-life problems,,9
KS3,Number and Algebra Strand,3,Approximate values and numerical estimation,3.4,E,,design numerical estimation strategies according to the contexts and judge the reasonableness ofthe results obtained,,10
KS3,Number and Algebra Strand,4,Rational and irrational numbers,4.1,,7,recognise the concept of nth root,Computations involving nth roots are not required. Students are required to evaluate expressions such as .,10
KS3,Number and Algebra Strand,4,Rational and irrational numbers,4.2,,,recognise the concepts of rational and irrational numbers,Students are required to represent rational and irrational numberson the number line.,10
KS3,Number and Algebra Strand,4,Rational and irrational numbers,4.3,N,,perform mixed arithmetic operationsof simple quadratic surds,"In the simple quadratic surds , a is a rational number, b is a positive rational number and is an irrational number. The computations such as the following examples are required:   The complicated mixed arithmetic operations are not required, for example, .",10
KS3,Number and Algebra Strand,4,Rational and irrational numbers,4.4,E,,explore the relation between constructible numbersand rational and irrational numbers,,11
KS3,Number and Algebra Strand,5,Using percentages,5.1,,15,understand the concept of percentage changes,Percentage increase and percentage decreaseare required. Percentage change can also be called “percentage of change”.,11
KS3,Number and Algebra Strand,5,Using percentages,5.2,,,solve related real-life problems,"The problems include those about discount and profit or loss, growth and depreciation, simple and compound interests, successive and component changes, and salariestax.",12
KS3,Number and Algebra Strand,6,"Rates, ratios and proportions",6.1,,8,"understand the concepts of rates, ratios and proportions",Direct and inverse proportionsare required.,12
KS3,Number and Algebra Strand,6,"Rates, ratios and proportions",6.2,,,"solve problems involving rates, ratios and proportions",Students are required to solve problems about plans involving scales. Problems involving similar figures are tackled in Learning Objectives 18.3 and 22.3. Teachers may consider using real -life examples or related learning elements in Science Education or Technology Education KLAs to enhance learning and teaching.,12
KS3,Number and Algebra Strand,7,Algebraic expressions,7.1,,7,represent word phrasesby algebraic expressions,"Notations such as ab representing a  b, representing a ÷ b, are required. Students are required to use algebraic expressions to represent formulae, for example, the formula of the area of a triangle that waslearnt atKey Stage 2.",13
KS3,Number and Algebra Strand,7,Algebraic expressions,7.2,,,represent algebraic expressions by word phrases,,13
KS3,Number and Algebra Strand,7,Algebraic expressions,7.3,,,recognise the concept of sequences of numbers,"Students are required to guess the next term of a sequence and give explanations. Students are required to find a particular term from the general term of a sequence. Sequences of odd numbers, even numbers, square numbers, and triangular numbers are required.",13
KS3,Number and Algebra Strand,7,Algebraic expressions,7.4,,,recognise the preliminary idea of functions,"The concept of input-processing-output is required. Note: The algebraic expressions discussed in this Learning Unit are confined to expressions involving addition, subtraction, multiplication, division and powers of numbers or variables.",14
KS3,Number and Algebra Strand,8,Linear equations in one unknown,8.1,,7,solve linear equations in one unknown,,14
KS3,Number and Algebra Strand,8,Linear equations in one unknown,8.2,,,formulate linear equations in one unknown from a problem situation,,14
KS3,Number and Algebra Strand,8,Linear equations in one unknown,8.3,,,solve problems involving linear equations in one unknown,,14
KS3,Number and Algebra Strand,9,Linear equations in two unknowns,9.1,,12,understand the conceptof linear equations in two unknownsand their graphs,Students should understand:  the graph of a linear equation in two unknowns is a straight line  thecoordinates of every point lying on a straight line satisfy thecorresponding linear equation in two unknowns  the coordinates of every point not lying on a straight line do not satisfy the corresponding linear equation in two unknowns,14
KS3,Number and Algebra Strand,9,Linear equations in two unknowns,9.2,,,solve simultaneous linear equations in two unknowns by the graphical method,Students are required to recognisethat the exact values of the solutions may not be obtained by the graphical method.,15
KS3,Number and Algebra Strand,9,Linear equations in two unknowns,9.3,,,solve simultaneous linear equations in two unknowns by the algebraic methods,The algebraic methodsinclude substitution and elimination. The simultaneousequations include those with:  no solutions  only one solution  more than one solution,15
KS3,Number and Algebra Strand,9,Linear equations in two unknowns,9.4,,,formulate simultaneouslinear equations in two unknowns from a problem situation,,16
KS3,Number and Algebra Strand,9,Linear equations in two unknowns,9.5,,,solve problems involving simultaneous linear equations in two unknowns,,16
KS3,Number and Algebra Strand,10,Laws of integral indices,10.1,,,understand the laws ofpositive integralindices,The laws of positive integral indices include: p q p + q  a a = a p q   = a p q pq  (a ) = a p p p  a b = (ab) ,16
KS3,Number and Algebra Strand,10,Laws of integral indices,10.2,,,understand the definitions of zero exponent and negative exponents,,17
KS3,Number and Algebra Strand,10,Laws of integral indices,10.3,,,understand the laws of integral indices,The above laws of positive integralindices also apply to integral indices.,17
KS3,Number and Algebra Strand,10,Laws of integral indices,10.4,,,understand scientific notations,Teachers may consider using r eal-life examples or related learning elements in Science Educationor Technology Education KLAs to enhance learning and teaching.,17
KS3,Number and Algebra Strand,10,Laws of integral indices,10.5,N,,understand the binary number system and the denary number system,Interconversion between binary numbers and denary numbers is required. Teachers may consider using r eal-life examples or related learning elements in Science Educationor Technology Education KLAs to enhance learning and teaching.,17
KS3,Number and Algebra Strand,10,Laws of integral indices,10.6,E,,"understandother numeral systems, such as the hexadecimal number system",,17
KS3,Number and Algebra Strand,11,Polynomials,11.1,,15,understand the concept of polynomials,"Students are required to understand the concepts of terms, monomials, binomials, orders, powers, constant terms, like terms, unlike terms and coefficients. Students are required to arrange the terms of a polynomial in ascending order or descending order.",18
KS3,Number and Algebra Strand,11,Polynomials,11.2,,,"perform addition, subtraction, multiplication and their mixed operationsof polynomials",The operations of polynomials involving more than one variableare required.,18
KS3,Number and Algebra Strand,11,Polynomials,11.3,,,factorise polynomials,Students are required to understand that factorisation can be regarded as a reverse process of expansion of polynomials. The following methods are required:  extracting common factors (and grouping of terms)  cross-method,18
KS3,Number and Algebra Strand,12,Identities,12.1,,8,understand the concept of identities,"Students are required to understand the differences between equations and identities, and to proveidentities.",19
KS3,Number and Algebra Strand,12,Identities,12.2,,,use identities to expand algebraic expressions,The identities include:  Differenceof two squares 2 2 (a  b)(a + b)  a  b  Perfect square 2 2 2 (a  b)  a  2ab + b,19
KS3,Number and Algebra Strand,12,Identities,12.3,,,use identities to factorise polynomials,The identities include:  Differenceof two squares 2 2 a  b  (a  b)(a + b)  Perfect square 2 2 2 a  2ab + b  (a  b),19
KS3,Number and Algebra Strand,13,Formulae,13.1,,9,perform operations of algebraic fractions,Algebraic fractions are confined to those having denominators as products of linear factors.,20
KS3,Number and Algebra Strand,13,Formulae,13.2,,,usesubstitution to find the values of unknowns in the formulae,,20
KS3,Number and Algebra Strand,13,Formulae,13.3,,,change the subject of formulae not involving radical signs,Note:Teachers may consider using real-life examples or related learning elements in Science Education or Technology Education KLAs to enhance learning and teaching.,20
KS3,Number and Algebra Strand,14,Linear inequalities in one unknown,14.1,,6,understand the concept of inequalities,"The following are required:  use inequalities to represent word phrases  represent the following inequalities on the number line: x > a, x ≥ a, x < a, x≤ a",20
KS3,Number and Algebra Strand,14,Linear inequalities in one unknown,14.2,,,recognisethe basic properties of inequalities,"The properties include  if a > b and b > c,then a > c  if a > b, then a  c> b  c  if a > b and cis positive, then ac> bc and  if a > b and cis negative, then ac< bc and where “>” and “<” in the above properties can be replaced by “≥”and “≤”respectively.",21
KS3,Number and Algebra Strand,14,Linear inequalities in one unknown,14.3,,,solve linear inequalities in one unknown,Students are required to represent solutions of inequalities on the number line.,21
KS3,Number and Algebra Strand,14,Linear inequalities in one unknown,14.4,,,solve problems involving linear inequalities in one unknown,,21
KS3,"Measures, Shape and Space Strand",15,Errors in measurement,15.1,,6,recognise the concept of errors in measurement,,22
KS3,"Measures, Shape and Space Strand",15,Errors in measurement,15.2,,,"recognise the concepts of maximum absolute errors, relative errors and percentage errors",,22
KS3,"Measures, Shape and Space Strand",15,Errors in measurement,15.3,,,solve problems related toerrors,,22
KS3,"Measures, Shape and Space Strand",15,Errors in measurement,15.4,E,,design estimation strategies in measurement according to the contexts and judge the reasonablenessof the results obtained,,22
KS3,"Measures, Shape and Space Strand",16,Arc lengths and areas of sectors,16.1,,8,understand the formula for arc lengthsof circles,Students are required to understand the property that the arcs are proportional to their corresponding angles at the centre.,22
KS3,"Measures, Shape and Space Strand",16,Arc lengths and areas of sectors,16.2,,,understand the formula for areas of sectors of circles,“Find the diameter or radius of a circle from its area” is not required in the primary Mathematics curriculum.,22
KS3,"Measures, Shape and Space Strand",16,Arc lengths and areas of sectors,16.3,,,solve problems related toarc lengthsand areas of sectors of circles,The problems on finding perimeters and areas of composite figures are required.,23
KS3,"Measures, Shape and Space Strand",16,Arc lengths and areas of sectors,16.4,E,,recognise the Circle Dissection Algorithm of the ancient Chinese mathematician Liu Hui and further recognise Huilu and Tsulu (approximations of ),,23
KS3,"Measures, Shape and Space Strand",17,3-D figures,17.1,,5,"recognise the concepts of right prisms, right circular cylinders, right pyramids, right circular cones, regular prisms, regular pyramids, polyhedra and spheres",Students are required to recognise the concept of regular tetrahedra.,23
KS3,"Measures, Shape and Space Strand",17,3-D figures,17.2,,,"recognise the sections of prisms, circular cylinders, pyramids, circular cones, polyhedra and spheres","Students are required to recognise:  different sections of the 3-D figure can have different sizes and shapes  the concept of uniform crosssections At Key Stage 2, students are required to recognise that the sizes and shapes of the cross sections of prisms and cylinders are the same as that of the bases if they are parallel to the bases, but the term “uniform cross sections” isnot introduced.",23
KS3,"Measures, Shape and Space Strand",17,3-D figures,17.3,,,sketch the 2-D representationsof 3-D figures,"Students are required to sketch the 2-D representations of right prisms, right circular cylinders, right pyramids and right circular cones. Students may use the tools such as oblique grids and isometric grids to learn the sketching of 2-D representations. Three orthographic views of 3-D figures are not required.",24
KS3,"Measures, Shape and Space Strand",17,3-D figures,17.4,E,,recognise the three orthographic views of 3-D figures,,24
KS3,"Measures, Shape and Space Strand",17,3-D figures,17.5,E,,recognise Euler’s formula and explore the number of regular polyhedra(Platonic solids),,24
KS3,"Measures, Shape and Space Strand",18,Mensuration,18.1,,15,"recognise the formulae for volumes of prisms, circular cylinders, pyramids, circular cones and spheres",Students are required to recognise the projection of a point on a plane and the concept of height of a 3-D figure.,25
KS3,"Measures, Shape and Space Strand",18,Mensuration,18.2,,,"find the surface areas of right prisms, right circular cylinders, right pyramids, right circular cones and spheres",Students are required to recognise the formula for surface areas of spheres.,25
KS3,"Measures, Shape and Space Strand",18,Mensuration,18.3,,,"recognise the relations among lengths, areas and volumes of similar figures and solve related problems",Students are required to recognise the concept of similar3-D figures. The conceptof similar 2-D figures is dealt with in Learning Objective 22.3. Students are required to recognisefrustums and solve problems related to their surface areas and volumes.,25
KS3,"Measures, Shape and Space Strand",18,Mensuration,18.4,,,solve problems involving volumes and surface areas,,25
KS3,"Measures, Shape and Space Strand",18,Mensuration,18.5,E,,explore ways to form a container with the greatest capacityby folding an A4-sized paper with squares cutting from its four corners,Note: Students are required to understand 2- D representations of 3-D figures.,26
KS3,"Measures, Shape and Space Strand",19,Angles and parallel lines,19.1,,,"understand the concepts and properties of adjacent angles on a straight line, vertically opposite angles and angles at a point",The properties include:  the sum of adjacent angles on a straight line is equal to a straight angle  vertically opposite angles are equal  the sum of angles at a pointis equal toa round angle Students are required to recognise the concepts of complementary angles and supplementary angles.,26
KS3,"Measures, Shape and Space Strand",19,Angles and parallel lines,19.2,,,"understandthe concepts ofcorresponding angles, alternate interior angles and interior angles",Students are required to recognise transversals.,27
KS3,"Measures, Shape and Space Strand",19,Angles and parallel lines,19.3,,,recognise the conditions for two straight lines being parallel,The conditions include:  alternate interior angles are equal  corresponding angles are equal  interior angles are supplementary,27
KS3,"Measures, Shape and Space Strand",19,Angles and parallel lines,19.4,,,recognise the angle properties associated with parallel lines,The properties include:  alternate interior angles of parallel lines are equal  corresponding angles of parallel lines are equal  interior angles of parallel lines are supplementary,27
KS3,"Measures, Shape and Space Strand",19,Angles and parallel lines,19.5,,,understand the properties of the interior and exterior angles of triangles,The properties include:  the angle sum of a triangle is equal to a straight angle  the exterior angle of a triangle isequal to the sum of the interior opposite angles of the triangle Students are required to recognise the concepts of acute-angled triangles and obtuse-angled triangles.,27
KS3,"Measures, Shape and Space Strand",20,Polygons,20.1,,8,understand the concept of regular polygons,,28
KS3,"Measures, Shape and Space Strand",20,Polygons,20.2,,,understand the formula for the sum of the interior angles of a polygon,,28
KS3,"Measures, Shape and Space Strand",20,Polygons,20.3,,,understand the formula for the sum of the exterior angles of a convex polygon,,28
KS3,"Measures, Shape and Space Strand",20,Polygons,20.4,N,,"appreciatethetriangles, quadrilaterals, and regular polygons that tessellatein the plane",,28
KS3,"Measures, Shape and Space Strand",20,Polygons,20.5,N,,construct equilateral triangles and regular hexagonswith compasses and straightedge,Teachers may let students recognise the basic knowledge of construction with compasses and straightedge. Students may use information technology for construction.,29
KS3,"Measures, Shape and Space Strand",20,Polygons,20.6,E,,explore ways to construct regular pentagons with compasses and straightedge,,29
KS3,"Measures, Shape and Space Strand",21,Congruent triangles,21.1,,14,understand the concept of congruent triangles,,29
KS3,"Measures, Shape and Space Strand",21,Congruent triangles,21.2,,,recognise the conditionsfor congruent triangles,"The conditions include: SAS, SSS, ASA, AAS and RHS.",29
KS3,"Measures, Shape and Space Strand",21,Congruent triangles,21.3,,,understand the property of isosceles triangles,The property refers to: the base angles of an isosceles triangle are equal. Teachers may allow students to recognise the proof of equal base anglesin isosceles triangles by means of SAS.,29
KS3,"Measures, Shape and Space Strand",21,Congruent triangles,21.4,,,understand the conditionfor isosceles triangles,"The condition refers to: if two angles of a triangle are equal, then the triangle is isosceles.",30
KS3,"Measures, Shape and Space Strand",21,Congruent triangles,21.5,N,,"construct angle bisectors, perpendicular bisectors, perpendicular lines, parallel lines, special angles and squareswith compasses and straightedge",Students may use information technology for construction.,30
KS3,"Measures, Shape and Space Strand",21,Congruent triangles,21.6,N,,recognise the concept of congruent 2-D figures,,30
KS3,"Measures, Shape and Space Strand",21,Congruent triangles,21.7,E,,explore the angles that can be constructed with compasses and straightedge,,30
KS3,"Measures, Shape and Space Strand",22,Similar triangles,22.1,,9,understand theconcept of similar triangles,,30
KS3,"Measures, Shape and Space Strand",22,Similar triangles,22.2,,,recognise the conditions for similar triangles,The conditions include：  AAA (AA)  corresponding sides are proportional  two corresponding sides proportional and their included angles equal,30
KS3,"Measures, Shape and Space Strand",22,Similar triangles,22.3,,,recognisethe concept of similar 2-D figures,Students are required to recognise that quadrilaterals with corresponding sides proportional are not necessarily similar.,31
KS3,"Measures, Shape and Space Strand",22,Similar triangles,22.4,E,,explore shapes of fractals,,31
KS3,"Measures, Shape and Space Strand",23,Quadrilaterals,23.1,,13,understand the properties of parallelograms,"The properties include:  opposite sides equal, opposite angles equal and diagonals bisect each other",31
KS3,"Measures, Shape and Space Strand",23,Quadrilaterals,23.2,,,"understand the properties of rectangles, rhombuses and squares",The properties of rectangles include:  all the properties of parallelograms  the two diagonals equal  the diagonals bisect each other into four equal line segments The properties of rhombuses include:  all the properties of parallelograms  the diagonals are perpendicular to each other  the diagonals bisect the opposite angles The properties of squares include:  all the properties of rectangles  all the properties of rhombuses  the diagonals form a 45 with the sides of the squares,31
KS3,"Measures, Shape and Space Strand",23,Quadrilaterals,23.3,N,,understand the conditions for parallelograms,The conditions include:  opposite sides are equal  opposite angles are equal  diagonals bisect each other  there is a pair of sides that are both equal and parallel,32
KS3,"Measures, Shape and Space Strand",23,Quadrilaterals,23.4,N,,use the above properties or conditions to perform simple geometric proofs,,33
KS3,"Measures, Shape and Space Strand",23,Quadrilaterals,23.5,N,,understand the mid-point theorem and the intercept theorem,,33
KS3,"Measures, Shape and Space Strand",23,Quadrilaterals,23.6,E,8,explore the conditions for congruent quadrilaterals,"Note:  Students are required to recognise logical relations such as “squares are figures having four equal sides, but figures having four equal sides are not necessarily squares”.  Teachersmay let students recognise the deductive method in Euclid’s Elements.",33
KS3,"Measures, Shape and Space Strand",24,Centres of triangles,24.1,,,understand the properties of angle bisectors and perpendicular bisectors,"The properties include:  if a point lies on the angle bisector, then it is equidistant from the two sides of the angle, and the converse  if a point lies on the perpendicular bisector of a line segment, then it is equidistant from the two end points of the line segment, and the converse",34
KS3,"Measures, Shape and Space Strand",24,Centres of triangles,24.2,N,,understand the concurrence of angle bisectorsand the concurrenceof perpendicular bisectorsof a triangle,"Students are required to recognise the concepts of the incentre and the circumcentre of a triangle,and the following properties:  the incentre of a triangle is equ idistant from the three sides of the triangle, and a circle inside the triangle can be constructed with this distance as its radius and the incentre as its centre  the circumcentre of a triangle is equidistant from the three vertices of the triangle and a circle passing through the vertices can be constructed with this distance as its radius and the circumcentre as its centre",34
KS3,"Measures, Shape and Space Strand",24,Centres of triangles,24.3,N,,recognise the concurrence of mediansand the concurrence of altitudesof a triangle,Students are required to recognise the conceptsof the centroid and the orthocentre of a triangle. Teachers may use information technology to help students understand the proofs of concurrence of mediansand concurrence of altitudes.,35
KS3,"Measures, Shape and Space Strand",25,Pythagoras’ theorem,25.1,,6,understand the Pythagoras’ theorem,"Teachers may introduce different proofs of Pythagoras’theorem, for example, the proof by the ancient Chinese mathematician Liu Hui and the proof in Euclid’s Elements. Teachers may introduce the Pythagorean school and its related history, including the history of the first mathematical crisis.",35
KS3,"Measures, Shape and Space Strand",25,Pythagoras’ theorem,25.2,,,recognise the converse of Pythagoras’ theorem,Teachers may introduce the proofs of the converse of Pythagoras’theorem.,36
KS3,"Measures, Shape and Space Strand",25,Pythagoras’ theorem,25.3,,,solve problems related to Pythagoras’ theorem and its converse,,36
KS3,"Measures, Shape and Space Strand",25,Pythagoras’ theorem,25.4,E,,explore Pythagorean triples,,36
KS3,"Measures, Shape and Space Strand",26,Rectangular coordinate system,26.1,,19,recognise the rectangular coordinate system,Students are required to  represent the position of a point by its coordinates  mark the point with given coordinates,36
KS3,"Measures, Shape and Space Strand",26,Rectangular coordinate system,26.2,,,find the distance between two points on a horizontal line and the distance between two points on a vertical line,,36
KS3,"Measures, Shape and Space Strand",26,Rectangular coordinate system,26.3,,,find area s of polygon s in the rectangular coordinate plane,,37
KS3,"Measures, Shape and Space Strand",26,Rectangular coordinate system,26.4,,,recognise the effect of transformationson a point in the rectangular coordinate plane,"Transformationsinclude:  translation  reflection in a line parallel to the x-axis or y-axis  clockwise or anti-clockwise rotation about the origin through , where n is a positive integer",37
KS3,"Measures, Shape and Space Strand",26,Rectangular coordinate system,26.5,,,understand the distance formula,,37
KS3,"Measures, Shape and Space Strand",26,Rectangular coordinate system,26.6,N,,understand the mid-point formula and the formula for the internal point of division,,37
KS3,"Measures, Shape and Space Strand",26,Rectangular coordinate system,26.7,,,understand the slope formula and solve related problems,"Students are required to recognise the concept of intercepts. Besides finding slopes, students are required to use the slope formula to find x- coordinates or y-coordinates of points on straight lines, x-interceptsor y-interceptsof straight lines, from given conditions, for example:  given the coordinates of the two points on a straight line, find the x-intercept or y-intercept of the straight line",37
KS3,"Measures, Shape and Space Strand",26,Rectangular coordinate system,26.8,,,"recognise the relation between the slopes of parallel lines and the relation between the slopes of perpendicular lines,and solve related problems",Students are required to identify parallel lines and perpendicular lines from their slopes. The relation between slope and inclination in the rectangular coordinate plane is dealt with in the Compulsory Part atKey Stage 4.,38
KS3,"Measures, Shape and Space Strand",26,Rectangular coordinate system,26.9,,,use coordinate geometry to perform simple geometric proofs,,38
KS3,"Measures, Shape and Space Strand",26,Rectangular coordinate system,26.10,E,,explore the formula for the external point of division,,39
KS3,"Measures, Shape and Space Strand",27,Trigonometry,27.1,,18,"understand sine, cosine and tangent of angles between 0and 90",The trigonometric ratios of 0 and 90 are not required.,39
KS3,"Measures, Shape and Space Strand",27,Trigonometry,27.2,,,understand the properties of trigonometric ratios,"The properties include: For ,  as  increases, the values of and increase and that of decreases        ",39
KS3,"Measures, Shape and Space Strand",27,Trigonometry,27.3,,,"understand the exact values of trigonometric ratios of 30, 45and 60",,40
KS3,"Measures, Shape and Space Strand",27,Trigonometry,27.4,,,solve problems related to plane figures,,40
KS3,"Measures, Shape and Space Strand",27,Trigonometry,27.5,,,"solve problems involving gradients, angles of elevation, anglesof depression and bearings",Students are required to recognise the relation between gradients and inclinations. Students are required to recognise two kinds of bearingsuch as 010and N10E.,40
KS3,Data Handling Strand,28,Organisation of data,28.1,,4,recognise the concepts of discrete data and continuous data,,41
KS3,Data Handling Strand,28,Organisation of data,28.2,,,recognise organisation of data without grouping,,41
KS3,Data Handling Strand,28,Organisation of data,28.3,,,recognise organisation of data in groups,Note:Students are required to recognise the organisation of data using frequency distribution tables.,41
KS3,Data Handling Strand,29,Presentation of data,29.1,,17,recognise stem-and-leaf diagrams and histograms,"Students are required to construct simple stem-and-leaf diagrams and histograms using paper and pen. When constructing stem-and-leaf diagrams and histograms of a larger amount of data, students may use information technology. Students are required to recognise the construction of statistical charts in appropriate scales.",41
KS3,Data Handling Strand,29,Presentation of data,29.2,,,interpret stem-and-leaf diagrams and histograms,,42
KS3,Data Handling Strand,29,Presentation of data,29.3,,,interpret statistical charts representing two different sets of data in daily life,Example: Temperature and rainfall charts,42
KS3,Data Handling Strand,29,Presentation of data,29.4,,,"recognise frequency polygons, frequency curves, cumulative frequency polygons and cumulative frequency curves",Construction of statistical charts is required.,42
KS3,Data Handling Strand,29,Presentation of data,29.5,,,"interpret frequency polygons, frequency curves, cumulative frequency polygons and cumulative frequency curves","Students are required tofind the following from cumulative frequency polygons and cumulative frequency curves:  medians, quartiles (upper quartile s, lower quartiles) and percentiles  the positions of individual data in the populations",42
KS3,Data Handling Strand,29,Presentation of data,29.6,,,choose appropriate statistical charts to present data,"Statistical charts include stem -and-leaf diagrams and histograms, and those that are dealt with at Key Stage 2, including bar charts, pie charts and broken line graphs.",43
KS3,Data Handling Strand,29,Presentation of data,29.7,,,recognise the uses and abuses of statistical charts in daily life,Teachers may consider using real -life examples or related learning elements in Science Education or Technology Education KLAs to enhance learning and teaching.,43
KS3,Data Handling Strand,30,Measures of central tendency,30.1,,10,"understand the concepts of mean, median and mode/modal class","Students are required to understand the features and limitations of each measure, for example, a single extreme datum may have a great influence on the mean, and the median is not affected by a singleextreme datum. Mean can also be called “average”. At Key Stage 2, students are required to recognise the concept of average.",43
KS3,Data Handling Strand,30,Measures of central tendency,30.2,,,"calculate mean, median and mode of ungrouped data",,44
KS3,Data Handling Strand,30,Measures of central tendency,30.3,,,"calculate mean, median and modal class of grouped data",Students are required to understand that mean and median of grouped data are estimations only.,44
KS3,Data Handling Strand,30,Measures of central tendency,30.4,,,"recognise the uses and abuses of mean, median and mode/modal class in daily life",,44
KS3,Data Handling Strand,30,Measures of central tendency,30.5,N,,"understand the effects of the followingoperations on the mean, median, and mode: (i) adding a common constant to each item of the set of data (ii)multiplying each item of the set of databy a common constant",,44
KS3,Data Handling Strand,30,Measures of central tendency,30.6,,,recognise the concept of weighted mean,"Real-life applications are required, for example: the methods for calculating average scores for report cards and scores for university admissions.",45
KS3,Data Handling Strand,30,Measures of central tendency,30.7,,,solve problems involving weighted mean,,45
KS3,Data Handling Strand,31,Probability,31.1,,12,"recognise the concepts of certain event s, impossible eventsand random events",,45
KS3,Data Handling Strand,31,Probability,31.2,,,recognisethe concept of probability,Geometric probability is not required. Students may use diagrams such as Venn diagrams to understand the concept of sample space.,45
KS3,Data Handling Strand,31,Probability,31.3,,,calculate probabilities of events by listing the sample space and counting,Students are required to use tablesor tree diagramsto list sample spaces.,45
KS3,Data Handling Strand,31,Probability,31.4,,,solve problems involving probability,,45
KS3,Data Handling Strand,31,Probability,31.5,N,,recognise the concept of expectation,,46
KS3,Data Handling Strand,31,Probability,31.6,N,,solve problems involving expectation,,46
KS3,Further Learning Unit,32,Inquiry and investigation,32,,20,"Through various learning activities, discover and construct knowledge, further improve the ability to inquire, communicate, reason and conceptualise mathematical concepts","This is not an independent and isolated learning unit. The time is allocated for students to engage in learning activities from different learning units, f or example, activities on enrichment topics, cross- learning unit activities, and cross-KLA activities that based on mathematical topics.",46
